"id","value_bool","value_num","value_str","value_date","last_update","last_archive_id","last_archive_value_num","last_archive_value_str","shift_end_value_bool","shift_end_value_num","shift_end_value_str","shift_end_date","attr_jsonb"
"10","","80","","","2018-03-12 13:28:01.751+01","","","","","80","","2017-06-21 09:00:00+02","null"
"11","","85","","","2018-04-19 11:48:10.347+02","5138465","","","","60","","2017-06-23 08:00:00+02","null"
"12","","85.5","","2018-03-09 12:01:00+01","2018-03-12 11:25:45.22+01","3762086","","","","","","","null"
"13","","11","","2018-03-12 17:00:00+01","2018-03-12 15:27:40.542+01","3762218","","","","","","","null"
"14","","500","","","2017-09-21 12:08:33.295+02","1151946","","","","","","","null"
"15","","81","","","2018-05-04 11:48:48.147+02","","","","","","","2018-06-07 22:00:00+02","null"
"16","","22","","","2018-04-17 14:10:47.768+02","4998650","","","","","","","null"
"22","","4","","","2018-05-28 13:45:55.135+02","","","","","","","2018-06-07 22:00:00+02","null"
"28","","","","","","","","","","","","","null"
"29","","","","","","","","","","","","","null"
"30","","23","","","2018-01-12 13:21:36.795+01","","","","","","","","null"
"31","","","","","","","","","","","","","null"
"32","","","","","","","","","","","","","null"
"33","","22","","","2017-09-21 09:30:20.084+02","","","","","","","","null"
"34","","230","","","2017-09-20 14:58:38.266+02","","","","","","","","null"
"35","","112345","","","2017-11-17 10:07:05.979+01","","","","","","","","null"
"36","","","","","","","","","","","","","null"
"37","","16","","","2017-11-17 10:07:06.007+01","","","","","","","","null"
"38","","","","","","","","","","","","","null"
"39","","","","","","","","","","","","","null"
"40","","","","","","","","","","","","","null"
"41","","","","","","","","","","","","","null"
"42","","","","","","","","","","","","","null"
"43","","","","","","","","","","","","","null"
"44","","","","","","","","","","","","","null"
"45","","","","","","","","","","","","","null"
"46","","","","","","","","","","","","","null"
"47","","270","","","2017-09-20 14:51:57.437+02","","","","","","","","null"
"48","","","","","","","","","","","","","null"
"49","","","","","","","","","","","","","null"
"50","","","","","","","","","","","","","null"
"51","","","","","","","","","","","","","null"
"52","","","","","","","","","","","","","null"
"53","","","","","","","","","","","","","null"
"54","","576","","","2017-12-20 11:20:39.525+01","","","","","","","","null"
"55","","","","","","","","","","","","","null"
"56","","","","","","","","","","","","","null"
"57","","","","","","","","","","","","","null"
"58","","","","","","","","","","","","","null"
"59","","","","","","","","","","","","","null"
"60","","","","","","","","","","","","","null"
"61","","","","","","","","","","","","","null"
"62","","","","","","","","","","","","","null"
"63","","","","","","","","","","","","","null"
"64","","2","","","2018-01-11 15:27:13.088+01","","","","","","","","null"
"65","","","","","","","","","","","","","null"
"66","","","","","","","","","","","","","null"
"67","","","","","","","","","","","","","null"
"68","","","","","","","","","","","","","null"
"69","","","","","","","","","","","","","null"
"70","","","","","","","","","","","","","null"
"71","","","","","","","","","","","","","null"
"72","","","","","","","","","","","","","null"
"73","","","","","","","","","","","","","null"
"74","","9","","","2017-09-25 15:58:09.135+02","","","","","","","","null"
"75","","","","","","","","","","","","","null"
"76","","","","","","","","","","","","","null"
"77","","0.5","","","2017-02-09 08:47:00.588+01","","","","","","","","null"
"78","","","","","","","","","","","","","null"
"79","","","","","","","","","","","","","null"
"80","","","","","","","","","","","","","null"
"81","","","","","","","","","","","","","null"
"82","","","","","","","","","","","","","null"
"85","","0","","","2017-07-25 15:42:54.891+02","","","","","","","","null"
"100","","","","","","","","","","","","","null"
"129","1","","","","2018-04-06 17:55:20.844+02","","","","","","","","null"
"130","","","z","","2017-02-15 15:17:40.049+01","","","","","","","","null"
"132","","12.5","","2017-04-04 08:25:46+02","2017-04-04 08:25:46.28+02","1037991","","","","","","","null"
"134","","100","","","2018-06-06 05:33:48.265+02","10777169","","","","","","","null"
"135","0","","","","2018-06-06 05:32:09.827+02","10777033","","","","","","","null"
"136","","","","","2018-06-06 05:32:10.186+02","10777035","","","","","","","null"
"192","","0","","","2018-05-09 14:56:58.152+02","6661793","","","","","","2018-06-08 08:00:00+02","null"
"193","","50","","","2018-05-03 12:15:52.976+02","5898923","","","","","","2018-06-08 08:00:00+02","null"
"194","","15.78353555","","","2018-05-07 15:34:48.689+02","6410093","","","","70","","2017-09-08 16:00:00+02","null"
"195","","10","","","2018-03-21 13:00:54.537+01","3765229","","","","0","","2017-09-08 16:00:00+02","null"
"196","","27","","","2017-02-15 15:18:18.707+01","36926","","","","","","","null"
"197","","31","","","2017-02-14 07:25:10.978+01","36916","","","","","","","null"
"198","","26","","","2017-02-14 07:21:32.306+01","36911","","","","","","","null"
"207","","11","","","2018-01-18 12:50:42.596+01","2635549","","","","","","","null"
"208","","0","","","2018-06-07 17:05:00.223+02","","","","","","","","null"
"210","","0","","","2017-07-25 15:42:54.993+02","","","","","","","","null"
"211","","0","","","2017-07-25 15:42:55.069+02","","","","","","","","null"
"212","","0","","","2017-07-25 15:42:55.065+02","","","","","","","","null"
"213","","0","","","2017-07-25 15:42:55.071+02","","","","","","","","null"
"214","","0","","","2017-07-25 15:42:55.065+02","","","","","","","","null"
"215","","450","","","2018-01-19 16:02:55.515+01","2648694","","","","","","","null"
"216","","0","","","2017-07-25 15:42:54.977+02","","","","","","","","null"
"217","","25","","","2018-02-27 10:05:39.666+01","","","","","","","","null"
"218","","0","","","2017-07-25 15:42:54.895+02","","","","","","","","null"
"219","","0","","","2017-07-25 15:42:54.977+02","","","","","","","","null"
"220","","0","","","2017-07-25 15:42:54.894+02","","","","","","","","null"
"221","","0","","","2017-07-25 15:42:54.889+02","","","","","","","","null"
"222","","30","","","2018-05-04 10:24:06.885+02","","","","","","","","null"
"223","","17","","","2018-02-26 05:35:17.108+01","","","","","","","","null"
"224","","450","","","2018-01-19 16:03:06.7+01","2648706","","","","","","","null"
"225","","17","","","2018-01-24 16:24:00.042+01","","","","","","","","null"
"226","","0","","","2017-07-25 15:42:54.78+02","","","","","","","","null"
"227","","0","","","2017-07-25 15:42:54.778+02","","","","","","","","null"
"228","","0","","","2017-07-25 15:42:54.782+02","","","","","","","","null"
"229","","0","","","2017-07-25 15:42:54.78+02","","","","","","","","null"
"230","","0","","","2017-07-25 15:42:54.777+02","","","","","","","","null"
"231","","0","","","2017-07-25 15:42:54.892+02","","","","","","","","null"
"254","","80","","2018-03-17 07:59:59+01","2018-03-28 14:07:17.145+02","3961383","","","","","","","null"
"256","","70","","","2018-04-18 12:26:43.914+02","5059562","","","","","","","null"
"260","","12.789","","","2018-05-07 15:33:43.023+02","6409917","","","","","","","null"
"275","","17","","","2018-04-17 13:13:49.053+02","","","","","","","","null"
"276","","12","","","2017-09-18 16:58:07.072+02","","","","","","","","null"
"279","","33","","","2017-06-07 19:02:30.36+02","","","","","","","","null"
"280","","5","","","2017-06-07 19:02:39.055+02","","","","","","","","null"
"283","","3","","","2017-06-08 13:50:45.51+02","","","","","","","","null"
"285","","23","","","2017-06-07 19:03:07.395+02","","","","","","","","null"
"288","","67","","","2017-06-07 19:03:19.307+02","","","","","","","","null"
"289","","0","","","2017-06-07 19:03:28.431+02","","","","","","","","null"
"292","","12","","","2017-06-07 19:03:36.713+02","","","","","","","","null"
"293","","14","","","2017-06-07 19:03:44.092+02","","","","","","","","null"
"294","","4.5","","2017-06-08 16:30:52.591743+02","2017-06-08 16:30:52.591743+02","","","","","","","","null"
"295","","8","","2017-06-08 16:30:55.145951+02","2017-06-08 16:30:55.145951+02","","","","","","","","null"
"296","","2.5","","2017-06-08 18:59:54.619371+02","2017-06-08 18:59:54.619371+02","","","","","","","","null"
"297","","11","","2017-06-08 18:59:58.159541+02","2017-06-08 18:59:58.159541+02","","","","","","","","null"
"298","","2.5","","2017-06-08 19:25:58.15489+02","2017-06-08 19:25:58.15489+02","","","","","","","","null"
"299","","11","","2017-06-08 19:26:01.82132+02","2017-06-08 19:26:01.82132+02","","","","","","","","null"
"371","","45","","","2018-04-23 14:31:47.735+02","5376034","","","","","","","null"
"373","","46","","","2017-06-22 09:17:44.505+02","","","","","","","","null"
"374","","60","","","2018-04-19 09:37:35.059+02","5120754","","","","","","","null"
"377","","95","","2017-06-21 10:08:53.511+02","2017-06-26 11:18:50.985+02","1119732","","","","","","","null"
"378","","100","","","2017-06-28 08:49:11.4+02","","","","","","","","null"
"379","","80","","","2017-06-28 08:49:18.325+02","","","","","","","","null"
"383","","21","","2017-08-07 10:59:59+02","2017-08-07 11:11:48.357+02","1131468","","","","","","","null"
"385","","0","","","2018-06-06 05:32:12.956+02","10777047","","","","","","2018-06-07 22:00:00+02","null"
"386","","200","","","2018-06-06 05:35:27.279+02","10777312","","","","","","2018-06-07 22:00:00+02","null"
"389","","1","","","2017-10-11 17:48:15.403+02","1410914","","","","","","","null"
"390","","29","","2018-04-20 18:00:00+02","2018-04-19 11:44:11.64+02","5137941","","","","","","","null"
"391","","5","","","2017-07-13 10:42:15.768+02","1121050","","","","3","","2017-07-20 14:00:00+02","null"
"393","","250","","2017-06-28 23:59:59+02","2017-06-29 16:21:03.819+02","1119939","","","","","","","null"
"394","","200","","2017-06-28 23:59:59+02","2017-06-29 16:21:03.818+02","1119938","","","","","","","null"
"397","","","","","","","","","","","","","null"
"411","","30","","2017-09-08 11:59:59+02","2017-09-08 12:52:44.839+02","1145012","","","","","","","null"
"418","","220","","2017-07-06 13:24:37.73512+02","2017-07-06 13:24:37.73512+02","","","","","","","","null"
"419","","280","","2017-07-06 13:25:46.383984+02","2017-07-06 13:25:46.383984+02","","","","","","","","null"
"420","","180","","2017-07-06 13:27:10.617839+02","2017-07-06 13:27:10.617839+02","","","","","","","","null"
"421","","5","","","2017-10-11 17:43:07.609+02","","","","","","","","null"
"423","","100","","","2018-06-07 17:07:43.711+02","11121212","","","","100","","2017-12-15 14:00:00+01","null"
"425","","12","","","2017-07-27 09:46:19.514+02","1125161","","","","","","","null"
"433","","100","","","2018-06-07 17:07:44.197+02","11121217","","","","100","","2018-01-26 22:00:00+01","null"
"434","","200","","","2018-06-07 17:07:44.722+02","11121220","","","","","","2018-06-07 22:00:00+02","null"
"435","","200","","","2018-06-07 17:07:45.254+02","11121225","","","","","","2018-06-07 22:00:00+02","null"
"440","","4","","","2017-07-27 16:06:14.833+02","","","","","","","","null"
"441","","4","","","2017-07-27 16:12:07.551+02","1125297","","","","","","","null"
"442","","200","","","2018-06-07 17:09:43.852+02","11121503","","","","","","","null"
"458","","12","","","2018-04-03 11:03:40.415+02","","","","","","","","null"
"459","","13","","","2018-04-03 11:03:45.134+02","","","","","","","","null"
"463","","","","","","","","","","","","","null"
"464","","","","","","","","","","","","","null"
"465","","","","","","","","","","","","","null"
"466","","","","","","","","","","","","","null"
"467","","","","","","","","","","","","","null"
"468","","","","","","","","","","","","","null"
"469","","","","","","","","","","","","","null"
"470","","","","","","","","","","","","","null"
"471","","","","","","","","","","","","","null"
"472","","","","","","","","","","","","","null"
"473","","","","","","","","","","","","","null"
"474","","","","","","","","","","","","","null"
"483","","","","","","","","","","","","","null"
"484","","","","","","","","","","","","","null"
"485","","","","","","","","","","","","","null"
"486","","","","","","","","","","","","","null"
"487","","","","","","","","","","","","","null"
"488","","","","","","","","","","","","","null"
"489","","","","","","","","","","","","","null"
"490","","","","","","","","","","","","","null"
"491","","","","","","","","","","","","","null"
"492","","","","","","","","","","","","","null"
"493","","","","","","","","","","","","","null"
"494","","","","","","","","","","","","","null"
"495","","","","","","","","","","","","","null"
"496","","","","","","","","","","","","","null"
"497","","","","","","","","","","","","","null"
"498","","","","","","","","","","","","","null"
"499","","","","","","","","","","","","","null"
"500","","","","","","","","","","","","","null"
"502","","","","","","","","","","","","","null"
"503","","","","","","","","","","","","","null"
"504","","","","","","","","","","","","","null"
"506","","0","","2018-03-27 00:00:00+02","2018-03-27 16:41:23.839+02","3919090","","","","","","","null"
"507","","","","","","","","","","","","","null"
"508","","","","","","","","","","","","","null"
"509","","","","","","","","","","","","","null"
"538","","100","","","2018-06-07 16:00:25.31+02","","","","","","","2018-06-07 22:00:00+02","null"
"539","","0","","","2018-06-01 11:10:00.409+02","","","","","","","2018-06-07 22:00:00+02","null"
"540","","100","","","2018-06-07 16:00:25.324+02","","","","","","","2018-06-07 22:00:00+02","null"
"541","","961.290322580645","","","2018-06-07 17:05:00.356+02","","","","","","","2018-06-07 22:00:00+02","null"
"542","","200","","","2018-06-07 16:00:25.299+02","","","","","","","2018-06-07 22:00:00+02","null"
"543","","0","","","2018-02-09 12:32:00.393+01","","","","","","","2018-06-07 22:00:00+02","null"
"544","","0","","","2018-06-01 11:10:00.411+02","","","","","","","2018-06-07 22:00:00+02","null"
"545","","580.645161290323","","","2018-06-07 17:05:00.344+02","","","","","","","2018-06-07 22:00:00+02","null"
"546","","100","","","2018-06-07 16:00:25.283+02","","","","","","","2018-06-07 22:00:00+02","null"
"547","","100","","","2018-06-07 16:00:25.379+02","","","","","","","2018-06-07 22:00:00+02","null"
"548","","100","","","2018-06-07 16:00:25.277+02","","","","","","","2018-06-07 22:00:00+02","null"
"549","","100","","","2018-06-07 16:00:25.374+02","","","","","","","2018-06-07 22:00:00+02","null"
"550","","0","","","2018-02-09 12:32:00.471+01","","","","","","","2018-06-07 22:00:00+02","null"
"551","","0","","","2018-02-09 12:32:00.408+01","","","","","","","2018-06-07 22:00:00+02","null"
"552","","0","","","2018-02-09 12:32:00.471+01","","","","","","","2018-06-07 22:00:00+02","null"
"553","","0","","","2018-02-09 12:32:00.471+01","","","","","","","2018-06-07 22:00:00+02","null"
"554","","0","","","2018-02-09 12:32:00.455+01","","","","","","","2018-06-07 22:00:00+02","null"
"555","","0","","","2018-02-09 12:32:00.408+01","","","","","","","2018-06-07 22:00:00+02","null"
"556","","0","","","2018-02-09 12:32:00.424+01","","","","","","","2018-06-07 22:00:00+02","null"
"557","","0","","","2018-02-09 12:32:00.44+01","","","","","","","2018-06-07 22:00:00+02","null"
"558","","0","","","2018-02-09 12:32:00.455+01","","","","","","","2018-06-07 22:00:00+02","null"
"559","","9300","","","2018-06-07 17:05:00.406+02","","","","","","","2018-06-07 22:00:00+02","null"
"560","","0","","","2018-02-09 12:32:00.408+01","","","","","","","2018-06-07 22:00:00+02","null"
"561","","0","","","2018-02-09 12:32:00.424+01","","","","","","","2018-06-07 22:00:00+02","null"
"562","","1800","","","2018-06-07 16:35:00.942+02","","","","","","","2018-06-07 22:00:00+02","null"
"563","","11100","","","2018-06-07 17:05:00.351+02","","","","","","","2018-06-07 22:00:00+02","null"
"564","","0","","","2018-06-01 11:10:00.425+02","","","","","","","2018-06-07 22:00:00+02","null"
"565","","68.8888888888889","","","2018-06-07 17:05:00.363+02","","","","","","","2018-06-07 22:00:00+02","null"
"566","","400","","","2018-06-07 16:00:25.287+02","","","","","","","2018-06-07 22:00:00+02","null"
"567","","","","","","","","","","","","","null"
"568","","","","","","","","","","","","","null"
"569","","","","","","","","","","","","","null"
"570","","","","","","","","","","","","","null"
"571","","0","","","2018-05-25 14:30:48.269+02","8696431","","","","","","","null"
"572","","","","","","","","","","","","","null"
"573","","200","","","2018-05-25 14:31:28.365+02","8696598","","","","","","","null"
"574","","","","","","","","","","","","","null"
"575","","1181","","","2018-06-07 17:11:00.196+02","","","","","","","","null"
"576","","1181","","","2018-06-07 17:09:43.876+02","","","","","","","","null"
"577","","6050","","","2018-06-07 17:09:43.929+02","","","","","","","","null"
"578","","50","","","2017-09-25 17:26:30.955+02","","","","","","","","null"
"579","","11","","","2017-09-21 15:31:44.221+02","","","","","","","","null"
"580","","11","","","2017-09-21 15:19:52.855+02","","","","","","","","null"
"581","","2.5","","","2017-09-25 17:24:35.771+02","","","","","","","","null"
"582","","90","","","2017-09-25 17:24:02.641+02","","","","","","","","null"
"583","","15","","","2017-09-25 17:24:35.75+02","","","","","","","","null"
"584","","16","","","2017-11-21 12:07:51.35+01","2445556","","","","","","","null"
"585","","80","","","2017-09-25 10:24:24.24+02","1155078","","","","","","","null"
"586","","9","","","2018-06-07 17:11:00.138+02","11121501","","","","","","","null"
"587","","0","","","2018-06-07 17:11:00.197+02","11121505","","","","","","","null"
"588","","225.842696629213","","","2018-02-16 14:00:00.05+01","3423620","","","","","","","null"
"589","","300","","","2017-09-26 12:58:38.668+02","","","","","","","","null"
"593","","","","","","","","","","","","","null"
"594","","","","","","","","","","","","","null"
"595","","","","","","","","","","","","","null"
"596","","","","","","","","","","","","","null"
"597","","320","","","2018-06-07 17:11:00.183+02","11121504","","","","","","","null"
"598","","320","","","2017-09-26 16:19:10.777+02","","","","","","","","null"
"599","","","","","","","","","","","","","null"
"600","","","","","","","","","","","","","null"
"601","","","","","","","","","","","","","null"
"602","","","","","","","","","","","","","null"
"603","","","","","","","","","","","","","null"
"605","","","","","","","","","","","","","null"
"609","","","","","","","","","","","","","null"
"610","","","","","","","","","","","","","null"
"611","","","","","","","","","","","","","null"
"612","","","","","","","","","","","","","null"
"613","","","","","","","","","","","","","null"
"614","","","","","","","","","","","","","null"
"615","","","","","","","","","","","","","null"
"621","","","","","2017-10-12 12:17:37.97+02","","","","","","","","null"
"623","","","","","","","","","","","","","null"
"624","","","","","","","","","","","","","null"
"625","","","","","","","","","","","","","null"
"626","","","","","","","","","","","","","null"
"627","","","","","","","","","","","","","null"
"628","","","","","","","","","","","","","null"
"629","","","","","","","","","","","","","null"
"630","","","","","","","","","","","","","null"
"631","","","","","","","","","","","","","null"
"632","","","","","","","","","","","","","null"
"633","","","","","","","","","","","","","null"
"634","","","","","","","","","","","","","null"
"636","","","","","","","","","","","","","null"
"638","","","","","","","","","","","","","null"
"639","","","","","","","","","","","","","null"
"640","","","","","","","","","","","","","null"
"641","","","","","","","","","","","","","null"
"642","","","","","","","","","","","","","null"
"643","","","","","","","","","","","","","null"
"644","","","","","","","","","","","","","null"
"645","","","","","","","","","","","","","null"
"646","","","","","","","","","","","","","null"
"647","","","","","","","","","","","","","null"
"648","","","","","","","","","","","","","null"
"649","","","","","","","","","","","","","null"
"650","","","","","","","","","","","","","null"
"651","","","","","","","","","","","","","null"
"652","","","","","","","","","","","","","null"
"653","","","","","","","","","","","","","null"
"654","","","","","","","","","","","","","null"
"655","","","","","","","","","","","","","null"
"656","","","","","","","","","","","","","null"
"657","","","","","","","","","","","","","null"
"658","","","","","","","","","","","","","null"
"659","","","","","","","","","","","","","null"
"660","","","","","","","","","","","","","null"
"661","","","","","","","","","","","","","null"
"662","","","","","","","","","","","","","null"
"663","","","","","","","","","","","","","null"
"664","","","","","","","","","","","","","null"
"665","","","","","","","","","","","","","null"
"666","","","","","","","","","","","","","null"
"667","","","","","","","","","","","","","null"
"675","","","","","","","","","","","","","null"
"676","","","","","","","","","","","","","null"
"677","","","","","","","","","","","","","null"
"678","","","","","","","","","","","","","null"
"680","","","","","","","","","","","","","null"
"682","","","","","","","","","","","","","null"
"684","","","","","","","","","","","","","null"
"686","","","","","","","","","","","","","null"
"687","","","","","","","","","","","","","null"
"688","","","","","","","","","","","","","null"
"689","","","","","","","","","","","","","null"
"690","","78.3","","","2017-12-04 12:13:01.42+01","","","","","","","","null"
"691","","","","","","","","","","","","","null"
"692","","","","","","","","","","","","","null"
"693","","","","","","","","","","","","","null"
"694","","","","","","","","","","","","","null"
"695","","","","","","","","","","","","","null"
"696","","","","","","","","","","","","","null"
"697","","","","","","","","","","","","","null"
"698","","","","","","","","","","","","","null"
"712","","","","","","","","","","","","","null"
"791","","","","","","","","","","","","","null"
"792","","","","","","","","","","","","","null"
"793","","","","","","","","","","","","","null"
"794","","412","","","2017-12-18 10:11:46.998+01","","","","","","","","null"
"795","","17","","","2017-12-18 10:06:20.405+01","","","","","","","","null"
"796","","417","","","2017-12-18 10:11:58.797+01","","","","","","","","null"
"797","","12","","","2017-12-18 10:10:48.32+01","","","","","","","","null"
"798","","382","","","2017-12-18 10:12:08.375+01","","","","","","","","null"
"799","","45","","","2017-12-18 10:11:07.697+01","","","","","","","","null"
"800","","390","","","2017-12-18 10:12:18.731+01","","","","","","","","null"
"801","","23","","","2017-12-18 10:11:32.008+01","","","","","","","","null"
"802","","312","","","2017-12-18 10:12:25.198+01","","","","","","","","null"
"803","","17","","","2017-12-18 10:06:20.607+01","","","","","","","","null"
"804","","356","","","2017-12-18 10:12:33.63+01","","","","","","","","null"
"805","","17","","","2017-12-18 10:06:20.653+01","","","","","","","","null"
"818","","","","","","","","","","","","","null"
"825","","","","","","","","","","","","","null"
"845","","","","","","","","","","","","","null"
"846","","","","","","","","","","","","","null"
"847","","","","","","","","","","","","","null"
"848","","","","","","","","","","","","","null"
"849","","","","","","","","","","","","","null"
"850","","","","","","","","","","","","","null"
"851","","","","","","","","","","","","","null"
"864","","","","","","","","","","","","","null"
"868","","41","","","2018-01-23 15:56:22.653+01","2780358","","","","","","","null"
"872","","43","","","2018-01-23 15:55:13.214+01","2780306","","","","","","","null"
"874","","0","","","2018-06-07 17:09:43.93+02","11121506","","","","","","","null"
"878","","2","","2018-01-10 15:56:16.973+01","2018-06-04 13:06:41.956+02","","","","","","","","null"
"879","","2","","2018-01-10 15:57:36.44+01","2018-04-18 11:10:20.722+02","","","","","","","","null"
"881","","0","","2018-01-10 16:00:23.166+01","2018-01-10 16:00:27.113+01","","","","","","","","null"
"882","","0","","2018-04-23 14:58:44.883+02","2018-04-23 14:59:05.936+02","","","","","","","","null"
"898","","2","","2018-01-26 14:32:11.437+01","2018-01-26 14:50:58.807+01","","","","","","","","null"
"902","","","","","","","","","","","","","null"
"904","","2","","2018-01-25 16:23:28.47+01","2018-01-25 16:23:30.343+01","","","","","","","","null"
"905","","","","","","","","","","","","","null"
"907","","","","","","","","","","","","","null"
"908","","","","","","","","","","","","","null"
"910","","","","","","","","","","","","","null"
"914","","16","","2018-01-15 02:59:59+01","2018-01-15 13:58:46.037+01","2545758","","","","","","","null"
"916","","2","","","2018-01-26 15:06:34.349+01","2827724","","","","","","","null"
"920","","","","2018-03-17 07:59:59+01","2018-03-28 14:07:17.139+02","3961382","","","","","","","null"
"922","","","","","","","","","","","","","null"
"923","","","","","","","","","","","","","null"
"924","","","","","","","","","","","","","null"
"943","","15","","","2018-01-26 11:28:16.207+01","2824891","","","","","","","null"
"944","","23","","","2018-01-26 11:28:16.199+01","2824890","","","","","","","null"
"945","","15","","","2018-01-26 11:29:17.777+01","2824922","","","","","","","null"
"946","","23","","","2018-01-26 11:29:17.77+01","2824921","","","","","","","null"
"960","","","","","","","","","","","","","null"
"963","","","","","","","","","","","","","null"
"964","","","","","","","","","","","","","null"
"965","","","","","","","","","","","","","null"
"966","","50","","","2018-01-29 15:42:38.294+01","2841750","","","","","","","null"
"967","","17","","","2018-01-29 15:42:37.025+01","2841747","","","","","","","null"
"968","","","","","","","","","","","","","null"
"970","","17","","","2018-01-30 10:44:22.514+01","2873143","","","","","","","null"
"971","","160","","","2018-06-05 13:30:31.882+02","10640324","","","","","","","null"
"972","","250","","","2018-03-28 13:36:37.003+02","","","","","","","","null"
"973","","0","","","2018-03-28 13:36:40.208+02","","","","","","","","null"
"974","","150","","","2018-03-09 11:13:42.585+01","","","","","","","","null"
"975","","40","","","2018-01-30 16:28:16.004+01","","","","","","","","null"
"976","","200","","","2018-03-28 13:36:48.61+02","","","","","","","","null"
"977","","15","","","2018-03-28 15:36:58.439+02","","","","","","","","null"
"978","","150","","","2018-03-28 15:37:25.972+02","3966286","","","","","","","null"
"979","","300","","","2018-03-28 13:38:00.365+02","","","","","","","","null"
"980","","0","","","2018-03-28 13:38:03.989+02","","","","","","","","null"
"981","","200","","","2018-03-28 13:39:01.655+02","","","","","","","","null"
"982","","100","","","2018-03-28 13:38:49.583+02","","","","","","","","null"
"983","","250","","","2018-03-28 13:38:11.723+02","","","","","","","","null"
"984","","75","","","2018-03-28 13:38:21.238+02","","","","","","","","null"
"985","","200","","","2018-01-30 15:01:55.586+01","","","","","","","","null"
"992","","","","","","","","","","","","","null"
"993","","","","","","","","","","","","","null"
"994","","300","","","2018-02-01 11:26:07.447+01","","","","","","","","null"
"1001","","","","","","","","","","","","","null"
"1002","","","","","","","","","","","","","null"
"1003","","","","","","","","","","","","","null"
"1005","","","","","","","","","","","","","null"
"1044","","5","","","2018-02-06 16:34:34.191+01","3159720","","","","","","","null"
"1045","","17","","","2018-02-06 16:36:54.469+01","3159786","","","","","","","null"
"1046","","","","","","","","","","","","","null"
"1054","","7","","2018-04-27 00:00:00+02","2018-04-27 15:28:25.437+02","5648713","","","","","","","null"
"1056","","120","","","2018-06-07 16:00:24.475+02","11106364","","","","","","2018-06-08 08:00:00+02","null"
"1057","","1036","","","2018-02-26 16:20:00.014+01","","","","","","","","null"
"1058","","30","","","2018-02-12 10:57:59.037+01","","","","","","","2018-06-08 08:00:00+02","null"
"1059","","80","","","2018-06-07 16:21:58.427+02","","","","","","","","null"
"1060","","100","","","2018-04-20 11:15:00.381+02","","","","","","","","null"
"1061","","-575.555555555556","","","2018-06-07 17:05:00.25+02","","","","","","","","null"
"1062","","0","","","2018-06-06 04:35:07.945+02","","","","","","","","null"
"1063","","0","","","2018-06-05 16:25:00.184+02","","","","","","","","null"
"1064","","0","","","2018-02-09 12:32:00.393+01","","","","","","","","null"
"1065","","0","","","2018-05-30 13:45:00.272+02","","","","","","","","null"
"1066","","0","","","2018-06-06 04:35:08.367+02","","","","","","","","null"
"1067","","0","","","2018-06-06 04:35:08.218+02","","","","","","","","null"
"1068","","0","","","2018-02-09 12:32:00.393+01","","","","","","","","null"
"1069","","0","","","2018-02-09 12:32:00.424+01","","","","","","","","null"
"1070","","0","","","2018-06-05 16:25:00.188+02","","","","","","","","null"
"1071","","0","","","2018-06-06 04:35:07.929+02","","","","","","","","null"
"1072","","30","","","2018-04-20 11:15:00.402+02","","","","","","","","null"
"1073","","0","","","2018-06-06 04:35:08.278+02","","","","","","","","null"
"1074","","1036","","","2018-04-20 11:15:00.356+02","","","","","","","","null"
"1078","","5","","","2018-02-08 17:51:06.763+01","3201270","","","","","","","null"
"1079","","10","","","2018-02-08 17:51:06.752+01","3201269","","","","","","","null"
"1080","","5","","","2018-02-08 17:56:44.534+01","3201272","","","","","","","null"
"1081","","17","","","2018-02-08 17:57:02.177+01","3201273","","","","","","","null"
"1082","","","","","","","","","","","","","null"
"1084","","0","","","2018-02-09 12:32:00.393+01","","","","","","","","null"
"1085","","","","","","","","","","","","","null"
"1086","","12","","2018-02-09 23:59:59+01","2018-02-12 11:19:13.983+01","3279278","","","","","","","null"
"1087","","12","","2018-02-09 23:59:59+01","2018-02-12 11:19:13.983+01","3279277","","","","","","","null"
"1088","","","","","","","","","","","","","null"
"1089","","3","","2018-02-12 23:59:59+01","2018-02-12 11:19:45.162+01","3279288","","","","","","","null"
"1090","","3","","2018-02-12 23:59:59+01","2018-02-12 11:19:57.88+01","3279289","","","","","","","null"
"1091","","","","","","","","","","","","","null"
"1092","","0","","","2018-05-30 13:45:00.306+02","","","","","","","","null"
"1273","","25","","","2018-02-28 11:40:57.077+01","3753645","","","","","","","null"
"1274","","-5","","","2018-02-28 11:41:44.459+01","3753648","","","","","","","null"
"1275","","25","","","2018-02-28 11:41:44.454+01","3753647","","","","","","","null"
"1276","","5","","","2018-02-28 11:41:55.728+01","3753650","","","","","","","null"
"1277","","25","","","2018-02-28 11:41:55.722+01","3753649","","","","","","","null"
"1278","","11111","","","2018-02-28 16:55:59.822+01","3753778","","","","","","","null"
"1279","","12","","","2018-02-28 16:55:59.375+01","3753777","","","","","","","null"
"1280","","","","","","","","","","","","","null"
"1285","","5","","","2018-03-01 13:16:58.492+01","3754420","","","","","","","null"
"1286","","66","","","2018-03-01 13:18:07.73+01","3754422","","","","","","","null"
"1287","","","","","","","","","","","","","null"
"1289","","","","","","","","","","","","","null"
"1290","","","","","","","","","","","","","null"
"1291","","","","","","","","","","","","","null"
"1292","","400","","","2018-05-08 14:51:55.185+02","6540353","","","","","","","null"
"1293","","220","","","2018-03-07 15:53:21.355+01","3758199","","","","","","","null"
"1294","","85","","","2018-05-23 15:42:04.298+02","8363967","","","","","","","null"
"1295","","230.9","","","2018-03-06 14:22:50.252+01","3756931","","","","","","","null"
"1296","","","","","","","","","","","","","null"
"1297","","","","","","","","","","","","","null"
"1298","","98","","","2018-05-23 13:13:12.744+02","8336406","","","","","","","null"
"1299","","689","","","2018-03-08 09:42:21.911+01","3758818","","","","","","","null"
"1300","","500","","","2018-03-08 09:42:34.426+01","3758819","","","","","","","null"
"1301","","102.9","","","2018-03-08 09:42:44.259+01","3758820","","","","","","","null"
"1302","","","","","","","","","","","","","null"
"1303","","","","","","","","","","","","","null"
"1304","","","","","","","","","","","","","null"
"1305","","0","","","2018-06-06 05:34:18.898+02","","","","","","","","null"
"1307","","0","","","2018-06-06 05:34:21.703+02","10777222","","","","","","","null"
"1309","","0","","","2018-06-06 05:34:24.74+02","10777227","","","","","","","null"
"1311","","","","","","","","","","","","","null"
"1312","","","","","","","","","","","","","null"
"1313","","","","","","","","","","","","","null"
"1314","","","","","","","","","","","","","null"
"1315","","","","","","","","","","","","","null"
"1317","","","","","","","","","","","","","null"
"1318","","89.1","","","2018-04-19 11:52:26.738+02","5139013","","","","","","","null"
"1319","","","","","","","","","","","","","null"
"1324","","","","","","","","","","","","","null"
"1325","","22","","","2018-03-13 15:05:59.866+01","","","","","","","","null"
"1326","","33","","","2018-03-14 16:59:09.728+01","","","","","","","","null"
"1327","","33","","","2018-03-14 16:59:09.76+01","","","","","","","","null"
"1328","","","","","","","","","","","","","null"
"1329","","500","","","2018-04-17 15:38:52.383+02","","","","","","","","null"
"1330","","400","","","2018-04-17 15:38:39.15+02","","","","","","","","null"
"1332","","1750","","","2018-04-17 15:43:05.768+02","","","","","","","","null"
"1333","","5","","","2018-03-21 13:46:34.702+01","3765262","","","","","","","null"
"1334","","3","","","2018-03-21 13:45:51.295+01","3765261","","","","","","","null"
"1335","","50","","","2018-03-21 13:39:33.249+01","3765248","","","","","","","null"
"1336","","80","","","2018-03-21 13:39:41.439+01","3765249","","","","","","","null"
"1337","","65","","","2018-03-21 13:41:06.928+01","3765253","","","","","","","null"
"1338","","85","","","2018-03-21 13:43:55.752+01","3765256","","","","","","","null"
"1339","","7","","","2018-03-21 13:42:06.17+01","3765255","","","","","","","null"
"1340","","4","","","2018-03-21 13:41:51.323+01","3765254","","","","","","","null"
"1341","","70","","","2018-03-21 13:41:01.068+01","3765252","","","","","","","null"
"1342","","95","","","2018-03-21 13:44:03.552+01","3765257","","","","","","","null"
"1343","","5","","","2018-03-21 13:40:29.326+01","3765251","","","","","","","null"
"1344","","1","","","2018-03-21 13:40:20.147+01","3765250","","","","","","","null"
"1345","","11","","","2018-06-07 17:02:11.249+02","11120052","","","","","","","null"
"1351","","482","","","2018-04-11 14:31:36.174+02","4687562","","","","","","","null"
"1356","","40","","","2018-03-22 11:21:16.028+01","","","","","","","","null"
"1359","","480","","","2018-03-21 17:38:33.779+01","","","","","","","","null"
"1364","","18","","","2018-03-22 11:22:14.07+01","","","","","","","","null"
"1367","","478","","","2018-04-27 15:57:59.702+02","5651002","","","","","","","null"
"1372","","66","","","2018-04-27 10:33:45.073+02","5623895","","","","","","","null"
"1375","","476","","","2018-04-27 15:58:31.05+02","5651049","","","","","","","null"
"1376","","","","","","","","","","","","","null"
"1377","","","","","","","","","","","","","null"
"1378","","135","","","2018-06-07 17:05:00.307+02","","","","","","","","null"
"1379","","0","","","2018-03-23 09:35:00.461+01","","","","","","","","null"
"1380","","0","","","2018-03-23 09:35:00.445+01","","","","","","","","null"
"1381","","0","","","2018-03-23 09:35:00.384+01","","","","","","","","null"
"1382","","100","","","2018-04-20 11:15:00.469+02","","","","","","","","null"
"1383","","0","","","2018-03-23 09:35:00.396+01","","","","","","","","null"
"1384","","0","","","2018-03-23 09:35:00.405+01","","","","","","","","null"
"1385","","0","","","2018-03-23 09:35:00.364+01","","","","","","","","null"
"1386","","-0","","","2018-03-23 09:35:00.225+01","","","","","","","","null"
"1387","","0","","","2018-03-23 09:35:00.433+01","","","","","","","","null"
"1388","","0","","","2018-03-23 09:35:00.441+01","","","","","","","","null"
"1389","","0","","","2018-03-23 09:35:00.339+01","","","","","","","","null"
"1390","","0","","","2018-03-23 09:35:00.249+01","","","","","","","","null"
"1391","","0","","","2018-03-23 09:35:00.287+01","","","","","","","","null"
"1392","","0","","","2018-03-23 09:35:00.33+01","","","","","","","","null"
"1393","","0","","","2018-03-23 09:35:00.273+01","","","","","","","","null"
"1394","","0","","","2018-03-23 09:35:00.476+01","","","","","","","","null"
"1395","","0","","","2018-03-23 09:35:00.235+01","","","","","","","","null"
"1396","","0","","","2018-03-23 09:35:00.469+01","","","","","","","","null"
"1397","","1","","","2018-04-20 11:15:00.483+02","","","","","","","","null"
"1398","","1","","","2018-04-20 11:15:00.437+02","","","","","","","","null"
"1399","","1","","","2018-04-20 11:15:00.474+02","","","","","","","","null"
"1400","","1","","","2018-04-20 11:15:00.477+02","","","","","","","","null"
"1401","","6669791","","","2018-06-07 17:05:00.32+02","","","","","","","","null"
"1402","","6669791","","","2018-06-07 17:05:00.305+02","","","","","","","","null"
"1403","","6669791","","","2018-06-07 17:05:00.312+02","","","","","","","","null"
"1404","","6669791","","","2018-06-07 17:05:00.315+02","","","","","","","","null"
"1405","","0","","","2018-03-23 09:35:00.416+01","","","","","","","","null"
"1406","","0","","","2018-03-23 09:35:00.461+01","","","","","","","","null"
"1407","","0","","","2018-03-23 09:35:00.257+01","","","","","","","","null"
"1408","","0","","","2018-03-23 09:35:00.297+01","","","","","","","","null"
"1409","","0","","","2018-03-23 09:35:00.346+01","","","","","","","","null"
"1410","","100","","","2018-04-20 11:15:01.21+02","","","","","","","","null"
"1411","","0","","","2018-04-20 11:15:01.219+02","","","","","","","","null"
"1412","","0","","","2018-03-23 10:00:00.768+01","","","","","","","","null"
"1413","","0","","","2018-05-15 23:05:00.548+02","","","","","","","","null"
"1414","","0","","","2018-03-23 10:00:00.675+01","","","","","","","","null"
"1415","","0","","","2018-04-20 11:15:01.224+02","","","","","","","","null"
"1416","","0","","","2018-05-15 23:05:00.557+02","","","","","","","","null"
"1417","","0","","","2018-05-15 23:05:00.539+02","","","","","","","","null"
"1418","","0","","","2018-03-23 10:00:00.685+01","","","","","","","","null"
"1419","","0","","","2018-03-23 10:00:00.71+01","","","","","","","","null"
"1420","","0","","","2018-05-15 23:05:00.528+02","","","","","","","","null"
"1421","","0","","","2018-04-20 11:15:01.184+02","","","","","","","","null"
"1422","","0","","","2018-04-20 11:15:01.246+02","","","","","","","","null"
"1423","","0","","","2018-04-20 11:15:01.164+02","","","","","","","","null"
"1424","","0","","","2018-04-20 11:15:01.249+02","","","","","","","","null"
"1425","","1","","","2018-05-15 23:05:00.576+02","","","","","","","","null"
"1426","","1","","","2018-05-15 23:05:00.524+02","","","","","","","","null"
"1427","","1","","","2018-05-15 23:05:00.572+02","","","","","","","","null"
"1428","","1","","","2018-05-15 23:05:00.565+02","","","","","","","","null"
"1429","","1893900","","","2018-06-07 17:05:00.299+02","","","","","","","","null"
"1430","","1893900","","","2018-06-07 17:05:00.272+02","","","","","","","","null"
"1431","","1893900","","","2018-06-07 17:05:00.282+02","","","","","","","","null"
"1432","","1893900","","","2018-06-07 17:05:00.289+02","","","","","","","","null"
"1433","","0","","","2018-03-23 10:00:00.776+01","","","","","","","","null"
"1434","","0","","","2018-05-15 23:05:00.562+02","","","","","","","","null"
"1435","","0","","","2018-03-23 10:00:00.688+01","","","","","","","","null"
"1436","","0","","","2018-03-23 10:00:00.713+01","","","","","","","","null"
"1437","","0","","","2018-05-15 23:05:00.538+02","","","","","","","","null"
"1438","","0","","","2018-05-15 23:05:00.546+02","","","","","","","","null"
"1439","","0","","","2018-03-23 10:00:00.789+01","","","","","","","","null"
"1440","","0","","","2018-05-15 23:05:00.569+02","","","","","","","","null"
"1441","","11","","","2018-06-07 17:05:00.278+02","","","","","","","","null"
"1442","","100","","","2018-04-20 11:15:01.096+02","","","","","","","","null"
"1443","","0","","","2018-04-20 11:15:01.105+02","","","","","","","","null"
"1444","","0","","","2018-03-23 10:05:00.557+01","","","","","","","","null"
"1445","","0","","","2018-05-15 23:05:00.466+02","","","","","","","","null"
"1446","","0","","","2018-03-23 10:05:00.469+01","","","","","","","","null"
"1447","","0","","","2018-04-20 11:15:01.112+02","","","","","","","","null"
"1448","","0","","","2018-05-15 23:05:00.477+02","","","","","","","","null"
"1449","","0","","","2018-05-15 23:05:00.457+02","","","","","","","","null"
"1450","","0","","","2018-03-23 10:05:00.479+01","","","","","","","","null"
"1451","","0","","","2018-03-23 10:05:00.501+01","","","","","","","","null"
"1452","","0","","","2018-05-15 23:05:00.452+02","","","","","","","","null"
"1453","","0","","","2018-04-20 11:15:01.02+02","","","","","","","","null"
"1454","","0","","","2018-04-20 11:15:01.148+02","","","","","","","","null"
"1455","","0","","","2018-04-20 11:15:01.012+02","","","","","","","","null"
"1456","","0","","","2018-04-20 11:15:01.149+02","","","","","","","","null"
"1457","","1","","","2018-05-15 23:05:00.509+02","","","","","","","","null"
"1458","","1","","","2018-05-15 23:05:00.435+02","","","","","","","","null"
"1459","","1","","","2018-05-15 23:05:00.507+02","","","","","","","","null"
"1460","","1","","","2018-05-15 23:05:00.488+02","","","","","","","","null"
"1461","","1893900","","","2018-06-07 17:05:00.269+02","","","","","","","","null"
"1462","","1893900","","","2018-06-07 17:05:00.254+02","","","","","","","","null"
"1463","","1893900","","","2018-06-07 17:05:00.26+02","","","","","","","","null"
"1464","","1893900","","","2018-06-07 17:05:00.263+02","","","","","","","","null"
"1465","","0","","","2018-03-23 10:05:00.559+01","","","","","","","","null"
"1466","","0","","","2018-05-15 23:05:00.495+02","","","","","","","","null"
"1467","","0","","","2018-03-23 10:05:00.484+01","","","","","","","","null"
"1468","","0","","","2018-03-23 10:05:00.507+01","","","","","","","","null"
"1469","","0","","","2018-05-15 23:05:00.461+02","","","","","","","","null"
"1470","","0","","","2018-05-15 23:05:00.469+02","","","","","","","","null"
"1471","","0","","","2018-03-23 10:05:00.572+01","","","","","","","","null"
"1472","","0","","","2018-05-15 23:05:00.501+02","","","","","","","","null"
"1473","","40","","","2018-04-20 11:15:01.038+02","","","","","","","","null"
"1474","","100","","","2018-04-20 11:15:00.566+02","","","","","","","","null"
"1475","","0","","","2018-04-20 11:15:00.589+02","","","","","","","","null"
"1476","","0","","","2018-03-23 10:05:00.418+01","","","","","","","","null"
"1477","","0","","","2018-05-15 23:05:00.384+02","","","","","","","","null"
"1478","","0","","","2018-03-23 10:05:00.324+01","","","","","","","","null"
"1479","","0","","","2018-04-20 11:15:00.593+02","","","","","","","","null"
"1480","","0","","","2018-05-15 23:05:00.395+02","","","","","","","","null"
"1481","","0","","","2018-05-15 23:05:00.375+02","","","","","","","","null"
"1482","","0","","","2018-03-23 10:05:00.332+01","","","","","","","","null"
"1483","","0","","","2018-03-23 10:05:00.361+01","","","","","","","","null"
"1484","","0","","","2018-05-15 23:05:00.371+02","","","","","","","","null"
"1485","","0","","","2018-04-20 11:15:00.495+02","","","","","","","","null"
"1486","","0","","","2018-05-15 23:05:00.418+02","","","","","","","","null"
"1487","","0","","","2018-04-20 11:15:00.488+02","","","","","","","","null"
"1488","","0","","","2018-04-20 11:15:00.712+02","","","","","","","","null"
"1489","","0","","","2018-03-23 10:05:00.459+01","","","","","","","","null"
"1490","","1","","","2018-05-15 23:05:00.358+02","","","","","","","","null"
"1491","","1","","","2018-05-15 23:05:00.427+02","","","","","","","","null"
"1492","","1","","","2018-05-15 23:05:00.399+02","","","","","","","","null"
"1493","","0","","","2018-03-23 10:05:00.428+01","","","","","","","","null"
"1494","","1893900","","","2018-06-07 17:05:00.236+02","","","","","","","","null"
"1495","","1893900","","","2018-06-07 17:05:00.241+02","","","","","","","","null"
"1496","","1893900","","","2018-06-07 17:05:00.244+02","","","","","","","","null"
"1497","","0","","","2018-03-23 10:05:00.421+01","","","","","","","","null"
"1498","","0","","","2018-05-15 23:05:00.406+02","","","","","","","","null"
"1499","","0","","","2018-03-23 10:05:00.345+01","","","","","","","","null"
"1500","","0","","","2018-03-23 10:05:00.365+01","","","","","","","","null"
"1501","","0","","","2018-05-15 23:05:00.38+02","","","","","","","","null"
"1502","","0","","","2018-05-15 23:05:00.389+02","","","","","","","","null"
"1503","","0","","","2018-03-23 10:05:00.431+01","","","","","","","","null"
"1504","","0","","","2018-05-15 23:05:00.412+02","","","","","","","","null"
"1505","","18","","","2018-04-20 11:15:00.524+02","","","","","","","","null"
"1506","","100","","","2018-04-20 11:15:00.902+02","","","","","","","","null"
"1507","","0","","","2018-04-20 11:15:00.939+02","","","","","","","","null"
"1508","","0","","","2018-03-23 10:10:00.572+01","","","","","","","","null"
"1509","","0","","","2018-05-15 23:05:00.237+02","","","","","","","","null"
"1510","","0","","","2018-03-23 10:10:00.465+01","","","","","","","","null"
"1511","","0","","","2018-04-20 11:15:00.942+02","","","","","","","","null"
"1512","","0","","","2018-05-15 23:05:00.256+02","","","","","","","","null"
"1513","","0","","","2018-05-15 23:05:00.227+02","","","","","","","","null"
"1514","","0","","","2018-03-23 10:10:00.452+01","","","","","","","","null"
"1515","","0","","","2018-03-23 10:10:00.512+01","","","","","","","","null"
"1516","","0","","","2018-05-15 23:05:00.22+02","","","","","","","","null"
"1517","","0","","","2018-04-20 11:15:00.688+02","","","","","","","","null"
"1518","","0","","","2018-04-20 11:15:00.999+02","","","","","","","","null"
"1519","","0","","","2018-04-20 11:15:00.674+02","","","","","","","","null"
"1520","","0","","","2018-04-20 11:15:00.983+02","","","","","","","","null"
"1521","","1","","","2018-05-15 23:05:00.279+02","","","","","","","","null"
"1522","","1","","","2018-05-15 23:05:00.208+02","","","","","","","","null"
"1523","","1","","","2018-05-15 23:05:00.274+02","","","","","","","","null"
"1524","","1","","","2018-05-15 23:05:00.26+02","","","","","","","","null"
"1525","","1893900","","","2018-06-07 17:05:00.34+02","","","","","","","","null"
"1526","","1893900","","","2018-06-07 17:05:00.323+02","","","","","","","","null"
"1527","","1893900","","","2018-06-07 17:05:00.333+02","","","","","","","","null"
"1528","","1893900","","","2018-06-07 17:05:00.329+02","","","","","","","","null"
"1529","","0","","","2018-03-23 10:10:00.579+01","","","","","","","","null"
"1530","","0","","","2018-05-15 23:05:00.265+02","","","","","","","","null"
"1531","","0","","","2018-03-23 10:10:00.466+01","","","","","","","","null"
"1532","","0","","","2018-03-23 10:10:00.497+01","","","","","","","","null"
"1533","","0","","","2018-05-15 23:05:00.232+02","","","","","","","","null"
"1534","","0","","","2018-05-15 23:05:00.245+02","","","","","","","","null"
"1535","","0","","","2018-03-23 10:10:00.592+01","","","","","","","","null"
"1536","","0","","","2018-05-15 23:05:00.269+02","","","","","","","","null"
"1537","","66","","","2018-04-27 10:35:00.302+02","","","","","","","","null"
"1538","","29","","","2018-06-07 17:11:00.209+02","","","","","","","","null"
"1539","","","","","","","","","","","","","null"
"1540","","","","","","","","","","","","","null"
"1541","","","","","","","","","","","","","null"
"1542","","","","","","","","","","","","","null"
"1543","","","","","","","","","","","","","null"
"1544","","","","","","","","","","","","","null"
"1545","","","","","","","","","","","","","null"
"1546","","","","","","","","","","","","","null"
"1547","","","","","","","","","","","","","null"
"1548","","","","","","","","","","","","","null"
"1549","","","","","","","","","","","","","null"
"1550","","5","","","2018-04-09 10:36:14.98+02","","","","","","","","null"
"1552","","50","","","2018-04-03 11:26:31.642+02","","","","","","","","null"
"1553","","12500","","","2018-04-09 10:36:14.993+02","","","","","","","","null"
"1554","","2000","","","2018-04-03 14:14:50.746+02","","","","","","","","null"
"1555","","20","","","2018-04-03 11:42:38.382+02","","","","","","","","null"
"1556","","100","","","2018-04-03 14:14:50.758+02","","","","","","","","null"
"1557","","200","","","2018-04-03 14:18:35.223+02","","","","","","","","null"
"1558","","20","","","2018-04-03 14:18:35.237+02","","","","","","","","null"
"1559","","400","","","2018-04-09 10:21:03.857+02","","","","","","","","null"
"1560","","100","","","2018-04-10 11:42:21.101+02","","","","","","","","null"
"1561","","100","","","2018-06-07 17:09:43.845+02","","","","","","","","null"
"1562","","100","","","2018-04-10 11:42:05.785+02","","","","","","","","null"
"1563","","2006","","","2018-04-03 15:11:45.781+02","","","","","","","","null"
"1564","","400","","","2018-04-09 10:26:31.937+02","","","","","","","","null"
"1565","","2007","","","2018-04-03 15:19:36.623+02","","","","","","","","null"
"1566","","2007","","","2018-04-03 15:19:36.596+02","","","","","","","","null"
"1567","","22","","","2018-04-04 15:52:03.387+02","","","","","","","","null"
"1568","","110","","","2018-04-09 10:27:50.302+02","","","","","","","","null"
"1569","","","","","","","","","","","","","null"
"1570","","","","","","","","","","","","","null"
"1571","","","","","","","","","","","","","null"
"1572","","","red","","2018-04-16 14:02:34.377+02","","","","","","","","null"
"1573","","","","","","","","","","","","","null"
"1574","","","","","","","","","","","","","null"
"1575","","","","","","","","","","","","","null"
"1576","","402.5","","","2018-06-07 17:11:00.189+02","","","","","","","","null"
"1577","","30","","","2018-05-07 15:00:03.361+02","","","","","","","","null"
"1578","","100","","","2018-04-13 14:00:00.195+02","","","","","","","","null"
"1579","","200","","","2018-06-06 00:00:00.024+02","","","","","","","","null"
"1580","","600","","","2018-05-29 23:00:00.052+02","","","","","","","","null"
"1581","","4","","","2018-05-07 15:00:03.67+02","","","","","","","","null"
"1582","","9","","","2018-04-13 14:00:00.085+02","","","","","","","","null"
"1583","","16","","","2018-06-06 00:00:00.072+02","","","","","","","","null"
"1584","","25","","","2018-05-29 23:00:00.045+02","","","","","","","","null"
"1585","","20","","","2018-06-06 00:00:00.072+02","","","","","","","","null"
"1586","","44.4444444444444","","","2018-05-29 23:00:00.058+02","","","","","","","","null"
"1587","","100.125","","","2018-05-07 15:00:05.751+02","","","","","","","","null"
"1588","","100","","","2018-04-13 14:00:00.067+02","","","","","","","","null"
"1589","","","","","","","","","","","","","null"
"1590","","0.5","","","2018-04-13 14:00:00.131+02","","","","","","","","null"
"1591","","4","","","2018-06-06 00:00:00.091+02","","","","","","","","null"
"1592","","5","","","2018-05-29 23:00:00.051+02","","","","","","","","null"
"1593","","10.5","","","2018-05-07 15:00:04.957+02","","","","","","","","null"
"1594","","","","","","","","","","","","","null"
"1595","","1436.20987654321","","","2018-06-01 11:07:00.682+02","","","","","","","","null"
"1596","","2160.41666666667","","","2018-06-04 09:34:43.6+02","","","","","","","","null"
"1597","","","","","","","","","","","","","null"
"1598","","","","","","","","","","","","","null"
"1599","","0","","","2018-05-03 16:42:01.492+02","","","","","","","","null"
"1600","","","","","","","","","","","","","null"
"1602","","600","","","2018-04-17 15:42:07.691+02","","","","","","","","null"
"1603","","200","","","2018-04-17 15:43:05.75+02","","","","","","","","null"
"1605","","200","","","2018-04-17 15:18:24.251+02","","","","","","","","null"
"1607","","","","","","","","","","","","","null"
"1608","","","","","","","","","","","","","null"
"1609","","100","","","2018-04-30 13:46:57.436+02","","","","","","","","null"
"1610","","200","","2018-04-18 06:00:00+02","2018-04-19 14:38:03.447+02","","","","","","","","null"
"1611","","0","","","2018-06-07 17:09:43.925+02","","","","","","","","null"
"1612","","","","","","","","","","","","","null"
"1613","","5","","","2018-04-20 09:00:31.943+02","5205706","","","","","","","null"
"1614","","0","","","2018-04-20 09:00:31.875+02","5205705","","","","","","","null"
"1615","","","","","","","","","","","","","null"
"1616","","","","","","","","","","","","","null"
"1617","","","","","","","","","","","","","null"
"1618","","","","","","","","","","","","","null"
"1619","","","","","","","","","","","","","null"
"1620","","","","","","","","","","","","","null"
"1621","","","","","","","","","","","","","null"
"1622","","","","","","","","","","","","","null"
"1623","","","","","","","","","","","","","null"
"1624","","","","","","","","","","","","","null"
"1625","","5","","","2018-04-20 14:23:56.885+02","5228237","","","","","","","null"
"1626","","20","","","2018-04-20 14:25:04.278+02","5228324","","","","","","","null"
"1627","","5","","","2018-04-20 15:58:11.5+02","5233911","","","","","","","null"
"1628","","30","","","2018-05-04 10:24:06.959+02","6018022","","","","","","","null"
"1629","","","","","","","","","","","","","null"
"1630","","","","","","","","","","","","","null"
"1631","","","","","","","","","","","","","null"
"1632","","","","","","","","","","","","","null"
"1633","","","","","","","","","","","","","null"
"1634","","","","","","","","","","","","","null"
"1635","","","","","","","","","","","","","null"
"1645","","","","","","","","","","","","","null"
"1653","","","","","","","","","","","","","null"
"1654","","","","","","","","","","","","","null"
"1655","","","","","","","","","","","","","null"
"1704","","","","","","","","","","","","","null"
"1705","","","","","","","","","","","","","null"
"1707","","5","","","2018-05-02 17:09:33.549+02","5855614","","","","","","","null"
"1708","","0","","","2018-05-02 17:09:33.541+02","5855613","","","","","","","null"
"1749","","","","","","","","","","","","","null"
"1871","","0","","","2018-05-03 17:23:09.486+02","","","","","","","","null"
"1872","","22","","","2018-05-03 17:19:37.794+02","","","","","","","","null"
"1873","","16","","","2018-06-07 17:09:43.934+02","11121507","","","","","","","null"
"1874","","","","","","","","","","","","","null"
"1996","","","","","","","","","","","","","null"
"1997","","","","","","","","","","","","","null"
"1999","","","","","","","","","","","","","null"
"2001","","","","","","","","","","","","","null"
"2163","","","","","","","","","","","","","null"
"2164","","","","","","","","","","","","","null"
"2165","","","","","","","","","","","","","null"
"2166","","","","","","","","","","","","","null"
"2167","","","","","","","","","","","","","null"
"2168","","","","","","","","","","","","","null"
"2169","","","","","","","","","","","","","null"
"2250","","85","","","2018-06-01 09:11:04.336+02","9888866","","","","","","","null"
"2251","","900","","","2018-05-23 16:13:42.931+02","8369565","","","","","","","null"
"2252","","120","","","","","","","","","","","null"
"2253","","","","","","","","","","","","","null"
"2254","","","","","","","","","","","","","null"
"2377","","","","","","","","","","","","","null"
"2418","","","","","","","","","","","","","null"
"2420","","0","","","2018-05-17 05:35:00.357+02","","","","","","","","null"
"2421","","0","","","2018-05-17 05:35:00.342+02","","","","","","","","null"
"2422","","0","","","2018-05-17 05:35:00.337+02","","","","","","","","null"
"2423","","0","","","2018-05-17 05:35:00.373+02","","","","","","","","null"
"2424","","0","","","2018-05-17 05:35:00.35+02","","","","","","","","null"
"2425","","4238843","","","2018-06-07 17:05:00.226+02","","","","","","","","null"
"2426","","4238843","","","2018-06-07 17:05:00.233+02","","","","","","","","null"
"2427","","0","","","2018-06-01 10:35:00.35+02","","","","","","","","null"
"2428","","0","","","2018-06-01 10:35:00.348+02","","","","","","","","null"
"2429","","0","","","2018-06-01 10:35:00.358+02","","","","","","","","null"
"2430","","9300","","","2018-06-07 17:05:00.396+02","","","","","","","","null"
"2431","","9300","","","2018-06-07 17:05:00.37+02","","","","","","","","null"
"2432","","9300","","","2018-06-07 17:05:00.384+02","","","","","","","","null"
"2433","","9300","","","2018-06-07 17:05:00.391+02","","","","","","","","null"
"2434","","","","","","","","","","","","","null"
"2516","","","","","","","","","","","","","null"
"2517","","","","","","","","","","","","","null"
"2605","","0","","","2018-06-05 16:25:00.199+02","","","","","","","","null"
"2606","","0","","","2018-06-05 16:25:00.196+02","","","","","","","","null"
"2607","","0","","","2018-06-05 16:25:00.202+02","","","","","","","","null"
"2608","","0","","","2018-06-05 16:25:00.191+02","","","","","","","","null"
"2609","","0","","","2018-05-23 14:55:00.32+02","","","","","","","","null"
"2610","","0","","","2018-05-24 09:20:17.671+02","","","","","","","","null"
"2611","","0","","","2018-05-24 09:20:17.659+02","","","","","","","","null"
"2612","","0","","","2018-05-24 09:20:17.663+02","","","","","","","","null"
"2613","","","","","","","","","","","","","null"
"2615","","86","","","2018-06-01 09:10:52.374+02","9888819","","","","","","","null"
"2616","","88","","","2018-06-01 09:10:58.938+02","9888842","","","","","","","null"
"2617","","800","","","2018-05-23 16:09:20.824+02","8368779","","","","","","","null"
"2618","","","","","","","","","","","","","null"
"2740","","","","","","","","","","","","","null"
"2742","","10","","","2018-06-07 16:21:58.427+02","","","","","","","","null"
"2743","","55","","","2018-06-07 16:21:58.427+02","","","","","","","","null"
"2745","","15","","","2018-06-07 16:21:58.427+02","","","","","","","","null"
"2826","","","","","","","","","","","","","null"
"2827","","","","","","","","","","","","","null"
"2828","","","","","","","","","","","","","null"
"3085","","","","","","","","","","","","","null"
"3088","","0","","","2018-06-07 15:58:39.918+02","11105989","","","","","","2018-06-07 22:00:00+02","null"
"3089","","50","","","2018-06-06 10:28:29.04+02","10815466","","","","","","2018-06-07 22:00:00+02","null"
"3090","","5","","","2018-05-29 14:47:39.853+02","","","","","","","2018-06-07 22:00:00+02","null"
"3091","","10","","","2018-05-29 14:47:35.248+02","","","","","","","2018-06-07 22:00:00+02","null"
"3092","","45","","","2018-05-29 14:47:51.162+02","","","","","","","2018-06-07 22:00:00+02","null"
"3093","","99","","","2018-06-06 10:15:15.394+02","","","","","","","2018-06-07 22:00:00+02","null"
"3094","","20","","","2018-06-06 10:16:53.024+02","10812103","","","","","","2018-06-07 22:00:00+02","null"
"3096","","","","","","","","","","","","","null"
"3098","","","","","","","","","","","","","null"
"3141","","200","","","2018-06-05 13:05:12.242+02","10631389","","","","","","","null"
"3142","","500","","","2018-05-30 16:40:59.048+02","","","","","","","","null"
"3184","","","","","","","","","","","","","null"
"3186","","","","","","","","","","","","","null"
"3308","","","","","","","","","","","","","null"
"3309","","","","","","","","","","","","","null"
"3311","","","","","","","","","","","","","null"
"3313","","","","","","","","","","","","","null"
"3435","","","","","","","","","","","","","null"
"4040","","999","","","2018-06-07 16:22:45.376+02","","","","","","","","null"
"4041","","998","","","2018-06-07 16:22:53.043+02","","","","","","","","null"
